Name, Time, ActionType, 撿甘蔗次數, 玩家對話紀錄
1班7號, 2024/4/23 下午 03:16:59, 進入第一單元, 0, 
1班7號, 2024/4/23 下午 03:17:19, , 0, 你是一位歷史助教專門運用蘇格拉底式的質疑方式來引導學生深入思考歷史問題，以下是學生的問題:因為我們家來說。請模仿蘇格拉底的質問用60字內引導學生的問題
1班7號, 2024/4/23 下午 03:17:19, , 0, 你是一位歷史助教專門運用蘇格拉底式的質疑方式來引導學生深入思考歷史問題，以下是學生的問題:測試.。請模仿蘇格拉底的質問用60字內引導學生的問題
1班7號, 2024/4/23 下午 03:17:28, , 0, 我們可以從學生的“測試”問題中探索哪些具體的歷史主題或事件？你對這些領域有什麼既有的認識或疑問嗎？
1班7號, 2024/4/23 下午 03:18:32, 從第一單元回到回到關卡選擇大廳, 0, 
2班24號, 2024/4/25 上午 09:50:44, 進入第一單元, 0, 
2班24號, 2024/4/25 上午 09:51:06, 和綠色衣服男子對話, 0, 
2班24號, 2024/4/25 上午 09:51:07, 和綠色衣服男子對話, 0, 
2班24號, 2024/4/25 上午 09:51:34, 和綠色衣服男子對話, 0, 
2班24號, 2024/4/25 上午 09:51:49, 使用者進入了荷蘭人A區域, 0, 
2班24號, 2024/4/25 上午 09:51:53, 使用者進入了荷蘭人A區域, 0, 
2班24號, 2024/4/25 上午 09:51:56, 使用者進入了荷蘭人A區域, 0, 
2班24號, 2024/4/25 上午 09:52:08, 和藍色衣服男子對話, 0, 
2班24號, 2024/4/25 上午 09:52:35, 使用者進入了郭懷一區域, 0, 
2班24號, 2024/4/25 上午 09:52:37, 和郭懷一說話, 0, 
2班24號, 2024/4/25 上午 09:52:57, 進入單元任務說明區域, 0, 
2班24號, 2024/4/25 上午 09:53:01, 進入單元任務說明區域, 0, 
2班24號, 2024/4/25 上午 09:54:00, 進入單元任務說明區域, 0, 
2班24號, 2024/4/25 上午 09:54:26, 和粉紅衣服男子乙對話, 0, 
2班24號, 2024/4/25 上午 09:54:31, 和粉紅衣服男子乙對話, 0, 
2班24號, 2024/4/25 上午 09:54:31, 和粉紅衣服男子乙對話, 0, 
2班24號, 2024/4/25 上午 09:54:33, 和粉紅衣服男子乙對話, 0, 
2班24號, 2024/4/25 上午 09:54:35, 和粉紅衣服男子乙對話, 0, 
2班24號, 2024/4/25 上午 09:55:50, 和藍色衣服男子對話, 0, 
2班24號, 2024/4/25 上午 09:56:18, 使用者進入了郭懷一區域, 0, 
2班24號, 2024/4/25 上午 09:56:42, 使用者進入了甘蔗田, 0, 
2班24號, 2024/4/25 上午 09:56:47, 成功完成，2.了解荷蘭開墾台灣的規劃(尋找甘蔗), 0, 
2班24號, 2024/4/25 上午 09:56:47, 撿取甘蔗, 1, 
2班24號, 2024/4/25 上午 09:56:49, 撿取甘蔗, 2, 
2班24號, 2024/4/25 上午 09:56:52, 撿取甘蔗, 3, 
2班24號, 2024/4/25 上午 09:56:54, 撿取甘蔗, 4, 
2班24號, 2024/4/25 上午 09:57:07, 撿取甘蔗, 5, 
2班24號, 2024/4/25 上午 09:57:15, 撿取甘蔗, 6, 
2班24號, 2024/4/25 上午 09:57:46, 進入單元任務說明區域, 6, 
2班24號, 2024/4/25 上午 09:58:23, 和綠色衣服男子對話, 6, 
2班24號, 2024/4/25 上午 09:58:31, 和綠色衣服男子對話, 6, 
2班24號, 2024/4/25 上午 09:59:05, 碰到驚嘆號, 6, 
2班24號, 2024/4/25 上午 09:59:10, 和粉紅衣服男子甲對話, 6, 
2班24號, 2024/4/25 上午 09:59:11, 和粉紅衣服男子甲對話, 6, 
2班24號, 2024/4/25 上午 09:59:25, 使用者進入了荷蘭人A區域, 6, 
2班24號, 2024/4/25 上午 09:59:26, 和黑色荷蘭人說話, 6, 
2班24號, 2024/4/25 上午 09:59:40, 和黑色荷蘭人說話, 6, 
2班24號, 2024/4/25 上午 09:59:40, 和黑色荷蘭人說話, 6, 
2班24號, 2024/4/25 上午 09:59:46, 和黑色荷蘭人說話, 6, 
2班24號, 2024/4/25 上午 10:00:46, 和粉紅衣服男子甲對話, 6, 
2班24號, 2024/4/25 上午 10:01:24, 和粉紅衣服男子甲對話, 6, 
2班24號, 2024/4/25 上午 10:02:39, 和粉紅衣服男子甲對話, 6, 
2班24號, 2024/4/25 上午 10:02:39, 和粉紅衣服男子甲對話, 6, 
2班24號, 2024/4/25 上午 10:07:40, 使用者進入了郭懷一區域, 6, 
2班24號, 2024/4/25 上午 10:07:43, 和郭懷一說話, 6, 
2班24號, 2024/4/25 上午 10:07:44, 和郭懷一說話, 6, 
2班24號, 2024/4/25 上午 10:07:59, 和郭懷一說話, 6, 
2班24號, 2024/4/25 上午 10:08:09, 和郭懷一說話, 6, 
2班24號, 2024/4/25 上午 10:08:30, 使用者進入了甘蔗田, 6, 
2班24號, 2024/4/25 上午 10:08:57, 撿取甘蔗, 7, 
2班24號, 2024/4/25 上午 10:09:03, 撿取甘蔗, 8, 
2班24號, 2024/4/25 上午 10:09:08, 撿取甘蔗, 9, 
2班24號, 2024/4/25 上午 10:09:17, 撿取甘蔗, 10, 
2班24號, 2024/4/25 上午 10:09:23, 撿取甘蔗, 11, 
2班24號, 2024/4/25 上午 10:09:31, 撿取甘蔗, 12, 
2班24號, 2024/4/25 上午 10:09:35, 和紅色衣服男子對話, 12, 
2班24號, 2024/4/25 上午 10:09:57, 使用者進入了郭懷一區域, 12, 
2班24號, 2024/4/25 上午 10:10:11, 和提示收甘蔗荷蘭人外觀的NPC對話, 12, 
2班24號, 2024/4/25 上午 10:10:12, 和粉紅衣服男子乙對話, 12, 
2班24號, 2024/4/25 上午 10:11:07, 和紅色衣服男子對話, 12, 
2班24號, 2024/4/25 上午 10:11:10, 使用者進入了甘蔗田, 12, 
2班6號, 2024/4/25 上午 10:14:37, 進入第一單元, 0, 
2班6號, 2024/4/25 上午 10:16:34, 和綠色衣服男子對話, 0, 
2班6號, 2024/4/25 上午 10:16:34, 進入單元任務說明區域, 0, 
2班6號, 2024/4/25 上午 10:17:05, 使用者進入了甘蔗田, 0, 
2班6號, 2024/4/25 上午 10:18:30, 使用者進入了荷蘭人B區域, 0, 
2班6號, 2024/4/25 上午 10:18:42, 使用者進入了荷蘭人B區域, 0, 
2班6號, 2024/4/25 上午 10:18:57, 使用者進入了荷蘭人B區域, 0, 
2班6號, 2024/4/25 上午 10:19:01, 和藍色荷蘭人A長官說話, 0, 
2班6號, 2024/4/25 上午 10:19:01, 和藍色荷蘭人A長官說話, 0, 
2班16號, 2024/4/30 下午 02:37:00, 進入第一單元, 0, 
2班16號, 2024/4/30 下午 02:37:19, 使用者查看了操作說明版, 0, 
2班16號, 2024/4/30 下午 02:37:23, 使用者查看了操作說明版, 0, 
2班16號, 2024/4/30 下午 02:37:28, 使用者查看了操作說明版, 0, 
2班16號, 2024/4/30 下午 02:37:28, 使用者查看了操作說明版, 0, 
2班16號, 2024/4/30 下午 02:38:06, 使用者查看了操作說明版, 0, 
2班16號, 2024/4/30 下午 02:38:18, 使用者查看了操作說明版, 0, 
2班16號, 2024/4/30 下午 02:38:27, 進入單元任務說明區域, 0, 
2班16號, 2024/4/30 下午 02:38:29, 進入單元任務說明區域, 0, 
2班16號, 2024/4/30 下午 02:38:33, 進入單元任務說明區域, 0, 
2班16號, 2024/4/30 下午 02:38:35, 進入單元任務說明區域, 0, 
2班16號, 2024/4/30 下午 02:38:36, 進入單元任務說明區域, 0, 
2班16號, 2024/4/30 下午 02:38:40, 使用者查看了操作說明版, 0, 
2班16號, 2024/4/30 下午 02:39:17, 和綠色衣服男子對話, 0, 
2班16號, 2024/4/30 下午 02:39:47, 使用者查看了操作說明版, 0, 
2班16號, 2024/4/30 下午 02:39:48, 使用者查看了操作說明版, 0, 
2班16號, 2024/4/30 下午 02:39:57, 使用者查看了操作說明版, 0, 
2班16號, 2024/4/30 下午 02:40:09, 進入單元任務說明區域, 0, 
2班16號, 2024/4/30 下午 02:40:14, 進入單元任務說明區域, 0, 
2班16號, 2024/4/30 下午 02:40:28, 進入單元任務說明區域, 0, 
2班16號, 2024/4/30 下午 02:40:43, 進入單元任務說明區域, 0, 
2班16號, 2024/4/30 下午 02:41:05, 進入單元任務說明區域, 0, 
2班16號, 2024/4/30 下午 02:42:02, 碰到驚嘆號, 0, 
2班16號, 2024/4/30 下午 02:42:04, 使用者進入了竹簡區域, 0, 
2班16號, 2024/4/30 下午 02:42:06, 碰到驚嘆號, 0, 
2班16號, 2024/4/30 下午 02:42:06, 使用者進入了竹簡區域, 0, 
2班16號, 2024/4/30 下午 02:43:10, 和粉紅衣服男子甲對話, 0, 
2班16號, 2024/4/30 下午 02:43:59, 和粉紅衣服男子甲對話, 0, 
2班16號, 2024/4/30 下午 02:44:09, 碰到驚嘆號, 0, 
2班16號, 2024/4/30 下午 02:45:13, 和粉紅衣服男子甲對話, 0, 
2班16號, 2024/4/30 下午 02:45:14, 和粉紅衣服男子甲對話, 0, 
2班16號, 2024/4/30 下午 02:45:19, 和粉紅衣服男子甲對話, 0, 
2班16號, 2024/4/30 下午 02:45:27, 和粉紅衣服男子甲對話, 0, 
2班16號, 2024/4/30 下午 02:45:30, 和粉紅衣服男子甲對話, 0, 
2班16號, 2024/4/30 下午 02:45:32, 和粉紅衣服男子甲對話, 0, 
2班16號, 2024/4/30 下午 02:45:37, 和粉紅衣服男子甲對話, 0, 
2班16號, 2024/4/30 下午 02:46:27, 使用者進入了荷蘭人A區域, 0, 
2班16號, 2024/4/30 下午 02:46:37, 使用者進入了荷蘭人A區域, 0, 
2班16號, 2024/4/30 下午 02:46:57, 使用者進入了荷蘭人A區域, 0, 
2班16號, 2024/4/30 下午 02:47:17, 使用者進入了郭懷一區域, 0, 
2班16號, 2024/4/30 下午 02:47:19, 撿取郭懷一人偶, 0, 
2班16號, 2024/4/30 下午 02:47:20, 撿取郭懷一人偶, 0, 
2班16號, 2024/4/30 下午 02:47:31, 和郭懷一說話, 0, 
2班16號, 2024/4/30 下午 02:47:35, 使用者進入了郭懷一區域, 0, 
2班16號, 2024/4/30 下午 02:47:38, 和郭懷一說話, 0, 
2班16號, 2024/4/30 下午 02:48:16, 使用者進入了郭懷一區域, 0, 
2班16號, 2024/4/30 下午 02:48:36, 使用者進入了甘蔗田, 0, 
2班16號, 2024/4/30 下午 02:48:40, 成功完成，2.了解荷蘭開墾台灣的規劃(尋找甘蔗), 0, 
2班16號, 2024/4/30 下午 02:48:40, 撿取甘蔗, 1, 
2班16號, 2024/4/30 下午 02:48:43, 使用者進入了甘蔗田, 1, 
2班16號, 2024/4/30 下午 02:48:49, 使用者進入了甘蔗田, 1, 
2班16號, 2024/4/30 下午 02:48:53, 撿取甘蔗, 2, 
2班16號, 2024/4/30 下午 02:48:57, 撿取甘蔗, 3, 
2班16號, 2024/4/30 下午 02:49:15, 使用者進入了甘蔗田, 3, 
2班16號, 2024/4/30 下午 02:49:23, 撿取甘蔗, 4, 
2班16號, 2024/4/30 下午 02:49:38, 撿取甘蔗, 5, 
2班16號, 2024/4/30 下午 02:49:44, 撿取甘蔗, 6, 
2班16號, 2024/4/30 下午 02:49:52, 使用者進入了甘蔗田, 6, 
2班16號, 2024/4/30 下午 02:50:00, 撿取甘蔗, 7, 
2班16號, 2024/4/30 下午 02:50:33, 撿取甘蔗, 8, 
2班16號, 2024/4/30 下午 02:50:39, 撿取甘蔗, 9, 
2班16號, 2024/4/30 下午 02:50:50, 撿取甘蔗, 10, 
2班16號, 2024/4/30 下午 02:51:10, 撿取甘蔗, 11, 
2班16號, 2024/4/30 下午 02:51:13, 撿取甘蔗, 12, 
2班16號, 2024/4/30 下午 02:51:14, 撿取甘蔗, 13, 
2班16號, 2024/4/30 下午 02:51:15, 撿取甘蔗, 14, 
2班16號, 2024/4/30 下午 02:51:47, 使用者進入了甘蔗田, 14, 
2班16號, 2024/4/30 下午 02:51:48, 和紅色衣服男子對話, 14, 
2班16號, 2024/4/30 下午 02:51:53, 使用者進入了甘蔗田, 14, 
2班16號, 2024/4/30 下午 02:52:10, 使用者進入了郭懷一區域, 14, 
2班16號, 2024/4/30 下午 02:52:15, 和郭懷一說話, 14, 
2班16號, 2024/4/30 下午 02:52:29, 和郭懷一說話, 14, 
2班16號, 2024/4/30 下午 02:52:33, 撿取郭懷一人偶, 14, 
2班16號, 2024/4/30 下午 02:52:40, 撿取郭懷一人偶, 14, 
2班16號, 2024/4/30 下午 02:53:00, 撿取郭懷一人偶, 14, 
2班16號, 2024/4/30 下午 02:53:41, 撿取郭懷一人偶, 14, 
2班16號, 2024/4/30 下午 02:53:58, 使用者進入了郭懷一區域, 14, 
2班16號, 2024/4/30 下午 02:54:42, 撿取郭懷一人偶, 14, 
2班16號, 2024/4/30 下午 02:54:52, 撿取郭懷一人偶, 14, 
2班16號, 2024/4/30 下午 02:55:12, 撿取郭懷一人偶, 14, 
2班16號, 2024/4/30 下午 02:55:29, 和綠色衣服男子對話, 14, 
2班16號, 2024/4/30 下午 02:55:35, 撿取郭懷一人偶, 14, 
2班16號, 2024/4/30 下午 02:55:36, 和綠色衣服男子對話, 14, 
2班16號, 2024/4/30 下午 02:55:44, 使用者進入了郭懷一區域, 14, 
2班16號, 2024/4/30 下午 02:55:45, 使用者進入了郭懷一區域, 14, 
2班16號, 2024/4/30 下午 02:55:59, 使用者進入了甘蔗田, 14, 
2班16號, 2024/4/30 下午 02:56:02, 撿取郭懷一人偶, 14, 
2班16號, 2024/4/30 下午 02:56:02, 撿取郭懷一人偶, 14, 
2班16號, 2024/4/30 下午 02:56:04, 和郭懷一說話, 14, 
2班16號, 2024/4/30 下午 02:56:05, 撿取甘蔗, 15, 
2班16號, 2024/4/30 下午 02:56:50, 和紅色衣服男子對話, 15, 
2班16號, 2024/4/30 下午 02:56:52, 使用者進入了甘蔗田, 15, 
2班16號, 2024/4/30 下午 02:56:53, 和郭懷一說話, 15, 
2班16號, 2024/4/30 下午 02:56:53, 和郭懷一說話, 15, 
2班16號, 2024/4/30 下午 02:56:55, 撿取郭懷一人偶, 15, 
2班16號, 2024/4/30 下午 02:56:57, 撿取甘蔗, 16, 
2班16號, 2024/4/30 下午 02:57:00, 和紅色衣服男子對話, 16, 
2班16號, 2024/4/30 下午 02:57:17, 和綠色衣服男子對話, 16, 
2班16號, 2024/4/30 下午 02:57:24, 和綠色衣服男子對話, 16, 
2班16號, 2024/4/30 下午 02:57:26, 和綠色衣服男子對話, 16, 
2班16號, 2024/4/30 下午 02:57:28, 和綠色衣服男子對話, 16, 
2班16號, 2024/4/30 下午 02:57:31, 和綠色衣服男子對話, 16, 
2班16號, 2024/4/30 下午 02:57:35, 撿取甘蔗, 17, 
2班16號, 2024/4/30 下午 02:57:43, 和綠色衣服男子對話, 17, 
2班16號, 2024/4/30 下午 02:57:46, 進入單元任務說明區域, 17, 
